username, pass
0.6202094239111143,password456
0.6576226374924778,password456
0.45194636642786606,password456
0.47799433131064184,password456
0.06019059731396075,password456
0.5676530924487568,password456
0.03987237055211177,password456